scales,wavedate,variable,measurement,prop,ymax,ymin,groupby,N_total
1,2020-03-28,lebensz,0 = aeusserst unzufrieden,0.025,0.033,0.017,none,1528
1,2020-03-28,lebensz,1,0.021,0.029,0.012,none,1528
1,2020-03-28,lebensz,2,0.036,0.043,0.03,none,1528
1,2020-03-28,lebensz,3,0.065,0.07,0.061,none,1528
1,2020-03-28,lebensz,4,0.062,0.067,0.057,none,1528
1,2020-03-28,lebensz,5,0.124,0.128,0.121,none,1528
1,2020-03-28,lebensz,6,0.085,0.089,0.081,none,1528
1,2020-03-28,lebensz,7,0.16,0.163,0.157,none,1528
1,2020-03-28,lebensz,8,0.21,0.212,0.208,none,1528
1,2020-03-28,lebensz,9,0.123,0.126,0.119,none,1528
1,2020-03-28,lebensz,10 = aeusserst zufrieden,0.088,0.092,0.084,none,1528
1,2020-04-04,lebensz,0 = aeusserst unzufrieden,0.023,0.032,0.015,none,1534
1,2020-04-04,lebensz,1,0.023,0.031,0.014,none,1534
1,2020-04-04,lebensz,2,0.053,0.058,0.047,none,1534
1,2020-04-04,lebensz,3,0.042,0.048,0.037,none,1534
1,2020-04-04,lebensz,4,0.06,0.065,0.055,none,1534
1,2020-04-04,lebensz,5,0.134,0.137,0.131,none,1534
1,2020-04-04,lebensz,6,0.092,0.096,0.088,none,1534
1,2020-04-04,lebensz,7,0.159,0.162,0.157,none,1534
1,2020-04-04,lebensz,8,0.195,0.197,0.193,none,1534
1,2020-04-04,lebensz,9,0.114,0.117,0.11,none,1534
1,2020-04-04,lebensz,10 = aeusserst zufrieden,0.104,0.108,0.101,none,1534
1,2020-04-11,lebensz,0 = aeusserst unzufrieden,0.02,0.029,0.01,none,1487
1,2020-04-11,lebensz,1,0.019,0.028,0.01,none,1487
1,2020-04-11,lebensz,2,0.042,0.048,0.036,none,1487
1,2020-04-11,lebensz,3,0.056,0.061,0.051,none,1487
1,2020-04-11,lebensz,4,0.055,0.06,0.049,none,1487
1,2020-04-11,lebensz,5,0.113,0.117,0.11,none,1487
1,2020-04-11,lebensz,6,0.092,0.096,0.088,none,1487
1,2020-04-11,lebensz,7,0.179,0.181,0.176,none,1487
1,2020-04-11,lebensz,8,0.199,0.201,0.196,none,1487
1,2020-04-11,lebensz,9,0.116,0.119,0.112,none,1487
1,2020-04-11,lebensz,10 = aeusserst zufrieden,0.11,0.114,0.106,none,1487
1,2020-04-17,lebensz,0 = aeusserst unzufrieden,0.024,0.032,0.015,none,1510
1,2020-04-17,lebensz,1,0.031,0.038,0.023,none,1510
1,2020-04-17,lebensz,2,0.04,0.046,0.034,none,1510
1,2020-04-17,lebensz,3,0.059,0.064,0.053,none,1510
1,2020-04-17,lebensz,4,0.047,0.052,0.041,none,1510
1,2020-04-17,lebensz,5,0.123,0.127,0.12,none,1510
1,2020-04-17,lebensz,6,0.085,0.089,0.081,none,1510
1,2020-04-17,lebensz,7,0.185,0.187,0.182,none,1510
1,2020-04-17,lebensz,8,0.187,0.19,0.185,none,1510
1,2020-04-17,lebensz,9,0.123,0.127,0.12,none,1510
1,2020-04-17,lebensz,10 = aeusserst zufrieden,0.097,0.101,0.094,none,1510
1,2020-04-25,lebensz,0 = aeusserst unzufrieden,0.022,0.03,0.013,none,1495
1,2020-04-25,lebensz,1,0.017,0.027,0.007,none,1495
1,2020-04-25,lebensz,2,0.029,0.036,0.021,none,1495
1,2020-04-25,lebensz,3,0.052,0.058,0.047,none,1495
1,2020-04-25,lebensz,4,0.053,0.059,0.048,none,1495
1,2020-04-25,lebensz,5,0.105,0.109,0.101,none,1495
1,2020-04-25,lebensz,6,0.091,0.095,0.087,none,1495
1,2020-04-25,lebensz,7,0.195,0.197,0.192,none,1495
1,2020-04-25,lebensz,8,0.201,0.204,0.199,none,1495
1,2020-04-25,lebensz,9,0.136,0.139,0.133,none,1495
1,2020-04-25,lebensz,10 = aeusserst zufrieden,0.099,0.103,0.096,none,1495
1,2020-05-03,lebensz,0 = aeusserst unzufrieden,0.024,0.032,0.016,none,1536
1,2020-05-03,lebensz,1,0.031,0.038,0.024,none,1536
1,2020-05-03,lebensz,2,0.028,0.035,0.021,none,1536
1,2020-05-03,lebensz,3,0.051,0.056,0.045,none,1536
1,2020-05-03,lebensz,4,0.046,0.051,0.04,none,1536
1,2020-05-03,lebensz,5,0.121,0.124,0.118,none,1536
1,2020-05-03,lebensz,6,0.082,0.087,0.078,none,1536
1,2020-05-03,lebensz,7,0.173,0.175,0.17,none,1536
1,2020-05-03,lebensz,8,0.207,0.209,0.205,none,1536
1,2020-05-03,lebensz,9,0.127,0.13,0.124,none,1536
1,2020-05-03,lebensz,10 = aeusserst zufrieden,0.111,0.114,0.107,none,1536
1,2020-05-09,lebensz,0 = aeusserst unzufrieden,0.02,0.029,0.011,none,1493
1,2020-05-09,lebensz,1,0.018,0.028,0.008,none,1493
1,2020-05-09,lebensz,2,0.045,0.051,0.039,none,1493
1,2020-05-09,lebensz,3,0.037,0.044,0.031,none,1493
1,2020-05-09,lebensz,4,0.044,0.05,0.037,none,1493
1,2020-05-09,lebensz,5,0.1,0.104,0.096,none,1493
1,2020-05-09,lebensz,6,0.09,0.094,0.086,none,1493
1,2020-05-09,lebensz,7,0.165,0.168,0.162,none,1493
1,2020-05-09,lebensz,8,0.217,0.219,0.215,none,1493
1,2020-05-09,lebensz,9,0.153,0.156,0.15,none,1493
1,2020-05-09,lebensz,10 = aeusserst zufrieden,0.111,0.115,0.108,none,1493
1,2020-05-16,lebensz,0 = aeusserst unzufrieden,0.021,0.03,0.012,none,1479
1,2020-05-16,lebensz,1,0.018,0.028,0.008,none,1479
1,2020-05-16,lebensz,2,0.044,0.05,0.038,none,1479
1,2020-05-16,lebensz,3,0.055,0.061,0.05,none,1479
1,2020-05-16,lebensz,4,0.061,0.066,0.056,none,1479
1,2020-05-16,lebensz,5,0.1,0.103,0.096,none,1479
1,2020-05-16,lebensz,6,0.088,0.092,0.084,none,1479
1,2020-05-16,lebensz,7,0.192,0.194,0.189,none,1479
1,2020-05-16,lebensz,8,0.199,0.201,0.197,none,1479
1,2020-05-16,lebensz,9,0.132,0.135,0.128,none,1479
1,2020-05-16,lebensz,10 = aeusserst zufrieden,0.091,0.095,0.087,none,1479
1,2020-05-24,lebensz,0 = aeusserst unzufrieden,0.024,0.032,0.016,none,1474
1,2020-05-24,lebensz,1,0.03,0.037,0.022,none,1474
1,2020-05-24,lebensz,2,0.027,0.035,0.019,none,1474
1,2020-05-24,lebensz,3,0.051,0.057,0.046,none,1474
1,2020-05-24,lebensz,4,0.05,0.056,0.044,none,1474
1,2020-05-24,lebensz,5,0.115,0.118,0.111,none,1474
1,2020-05-24,lebensz,6,0.077,0.081,0.072,none,1474
1,2020-05-24,lebensz,7,0.159,0.162,0.156,none,1474
1,2020-05-24,lebensz,8,0.235,0.237,0.233,none,1474
1,2020-05-24,lebensz,9,0.136,0.139,0.133,none,1474
1,2020-05-24,lebensz,10 = aeusserst zufrieden,0.097,0.101,0.094,none,1474
1,2020-05-29,lebensz,0 = aeusserst unzufrieden,0.022,0.031,0.013,none,1483
1,2020-05-29,lebensz,1,0.019,0.029,0.01,none,1483
1,2020-05-29,lebensz,2,0.036,0.043,0.029,none,1483
1,2020-05-29,lebensz,3,0.052,0.057,0.046,none,1483
1,2020-05-29,lebensz,4,0.052,0.057,0.046,none,1483
1,2020-05-29,lebensz,5,0.117,0.12,0.113,none,1483
1,2020-05-29,lebensz,6,0.074,0.079,0.07,none,1483
1,2020-05-29,lebensz,7,0.168,0.171,0.166,none,1483
1,2020-05-29,lebensz,8,0.223,0.226,0.221,none,1483
1,2020-05-29,lebensz,9,0.139,0.142,0.136,none,1483
1,2020-05-29,lebensz,10 = aeusserst zufrieden,0.098,0.102,0.094,none,1483
1,2020-06-13,lebensz,0 = aeusserst unzufrieden,0.019,0.028,0.009,none,1479
1,2020-06-13,lebensz,1,0.023,0.032,0.014,none,1479
1,2020-06-13,lebensz,2,0.042,0.048,0.035,none,1479
1,2020-06-13,lebensz,3,0.039,0.045,0.032,none,1479
1,2020-06-13,lebensz,4,0.036,0.043,0.03,none,1479
1,2020-06-13,lebensz,5,0.111,0.114,0.107,none,1479
1,2020-06-13,lebensz,6,0.093,0.097,0.089,none,1479
1,2020-06-13,lebensz,7,0.18,0.183,0.178,none,1479
1,2020-06-13,lebensz,8,0.217,0.219,0.215,none,1479
1,2020-06-13,lebensz,9,0.139,0.142,0.136,none,1479
1,2020-06-13,lebensz,10 = aeusserst zufrieden,0.101,0.105,0.098,none,1479
1,2020-06-27,lebensz,0 = aeusserst unzufrieden,0.027,0.035,0.02,none,1490
1,2020-06-27,lebensz,1,0.009,0.023,-0.005,none,1490
1,2020-06-27,lebensz,2,0.032,0.04,0.025,none,1490
1,2020-06-27,lebensz,3,0.047,0.053,0.041,none,1490
1,2020-06-27,lebensz,4,0.038,0.045,0.032,none,1490
1,2020-06-27,lebensz,5,0.107,0.11,0.103,none,1490
1,2020-06-27,lebensz,6,0.088,0.092,0.084,none,1490
1,2020-06-27,lebensz,7,0.161,0.164,0.158,none,1490
1,2020-06-27,lebensz,8,0.248,0.25,0.246,none,1490
1,2020-06-27,lebensz,9,0.138,0.141,0.135,none,1490
1,2020-06-27,lebensz,10 = aeusserst zufrieden,0.105,0.108,0.101,none,1490
1,2020-07-11,lebensz,0 = aeusserst unzufrieden,0.014,0.025,0.004,none,1499
1,2020-07-11,lebensz,1,0.02,0.029,0.011,none,1499
1,2020-07-11,lebensz,2,0.035,0.041,0.028,none,1499
1,2020-07-11,lebensz,3,0.043,0.049,0.036,none,1499
1,2020-07-11,lebensz,4,0.046,0.052,0.04,none,1499
1,2020-07-11,lebensz,5,0.094,0.098,0.09,none,1499
1,2020-07-11,lebensz,6,0.093,0.097,0.089,none,1499
1,2020-07-11,lebensz,7,0.177,0.18,0.175,none,1499
1,2020-07-11,lebensz,8,0.22,0.222,0.218,none,1499
1,2020-07-11,lebensz,9,0.15,0.153,0.147,none,1499
1,2020-07-11,lebensz,10 = aeusserst zufrieden,0.108,0.112,0.105,none,1499
1,2020-08-15,lebensz,0 = aeusserst unzufrieden,0.016,0.026,0.005,none,1511
1,2020-08-15,lebensz,1,0.018,0.028,0.009,none,1511
1,2020-08-15,lebensz,2,0.048,0.054,0.042,none,1511
1,2020-08-15,lebensz,3,0.049,0.054,0.043,none,1511
1,2020-08-15,lebensz,4,0.041,0.047,0.035,none,1511
1,2020-08-15,lebensz,5,0.105,0.109,0.102,none,1511
1,2020-08-15,lebensz,6,0.092,0.096,0.088,none,1511
1,2020-08-15,lebensz,7,0.189,0.192,0.187,none,1511
1,2020-08-15,lebensz,8,0.23,0.232,0.228,none,1511
1,2020-08-15,lebensz,9,0.136,0.139,0.133,none,1511
1,2020-08-15,lebensz,10 = aeusserst zufrieden,0.076,0.08,0.072,none,1511
1,2020-09-12,lebensz,0 = aeusserst unzufrieden,0.022,0.031,0.014,none,1554
1,2020-09-12,lebensz,1,0.018,0.027,0.008,none,1554
1,2020-09-12,lebensz,2,0.034,0.04,0.027,none,1554
1,2020-09-12,lebensz,3,0.042,0.048,0.036,none,1554
1,2020-09-12,lebensz,4,0.054,0.059,0.049,none,1554
1,2020-09-12,lebensz,5,0.11,0.114,0.107,none,1554
1,2020-09-12,lebensz,6,0.086,0.09,0.082,none,1554
1,2020-09-12,lebensz,7,0.177,0.179,0.175,none,1554
1,2020-09-12,lebensz,8,0.234,0.236,0.232,none,1554
1,2020-09-12,lebensz,9,0.139,0.142,0.136,none,1554
1,2020-09-12,lebensz,10 = aeusserst zufrieden,0.084,0.088,0.08,none,1554
1,2020-10-17,lebensz,0 = aeusserst unzufrieden,0.025,0.033,0.018,none,1634
1,2020-10-17,lebensz,1,0.015,0.025,0.005,none,1634
1,2020-10-17,lebensz,2,0.035,0.041,0.029,none,1634
1,2020-10-17,lebensz,3,0.045,0.05,0.04,none,1634
1,2020-10-17,lebensz,4,0.048,0.053,0.043,none,1634
1,2020-10-17,lebensz,5,0.103,0.106,0.099,none,1634
1,2020-10-17,lebensz,6,0.084,0.088,0.081,none,1634
1,2020-10-17,lebensz,7,0.168,0.171,0.166,none,1634
1,2020-10-17,lebensz,8,0.254,0.256,0.252,none,1634
1,2020-10-17,lebensz,9,0.13,0.133,0.127,none,1634
1,2020-10-17,lebensz,10 = aeusserst zufrieden,0.092,0.096,0.089,none,1634
1,2020-11-14,lebensz,0 = aeusserst unzufrieden,0.02,0.029,0.011,none,1568
1,2020-11-14,lebensz,1,0.015,0.025,0.005,none,1568
1,2020-11-14,lebensz,2,0.039,0.045,0.033,none,1568
1,2020-11-14,lebensz,3,0.049,0.054,0.043,none,1568
1,2020-11-14,lebensz,4,0.039,0.045,0.033,none,1568
1,2020-11-14,lebensz,5,0.097,0.101,0.094,none,1568
1,2020-11-14,lebensz,6,0.156,0.159,0.153,none,1568
1,2020-11-14,lebensz,7,0.179,0.182,0.177,none,1568
1,2020-11-14,lebensz,8,0.206,0.209,0.204,none,1568
1,2020-11-14,lebensz,9,0.117,0.12,0.114,none,1568
1,2020-11-14,lebensz,10 = aeusserst zufrieden,0.082,0.086,0.078,none,1568
1,2020-12-13,lebensz,0 = aeusserst unzufrieden,0.021,0.029,0.012,none,1546
1,2020-12-13,lebensz,1,0.016,0.026,0.005,none,1546
1,2020-12-13,lebensz,2,0.035,0.041,0.028,none,1546
1,2020-12-13,lebensz,3,0.053,0.058,0.047,none,1546
1,2020-12-13,lebensz,4,0.063,0.068,0.059,none,1546
1,2020-12-13,lebensz,5,0.124,0.127,0.121,none,1546
1,2020-12-13,lebensz,6,0.107,0.111,0.104,none,1546
1,2020-12-13,lebensz,7,0.189,0.191,0.186,none,1546
1,2020-12-13,lebensz,8,0.22,0.222,0.218,none,1546
1,2020-12-13,lebensz,9,0.11,0.113,0.106,none,1546
1,2020-12-13,lebensz,10 = aeusserst zufrieden,0.064,0.069,0.059,none,1546
1,2021-01-16,lebensz,0 = aeusserst unzufrieden,0.023,0.031,0.015,none,1581
1,2021-01-16,lebensz,1,0.022,0.03,0.014,none,1581
1,2021-01-16,lebensz,2,0.044,0.05,0.038,none,1581
1,2021-01-16,lebensz,3,0.051,0.056,0.045,none,1581
1,2021-01-16,lebensz,4,0.047,0.052,0.041,none,1581
1,2021-01-16,lebensz,5,0.123,0.127,0.12,none,1581
1,2021-01-16,lebensz,6,0.1,0.104,0.097,none,1581
1,2021-01-16,lebensz,7,0.171,0.173,0.168,none,1581
1,2021-01-16,lebensz,8,0.235,0.237,0.233,none,1581
1,2021-01-16,lebensz,9,0.103,0.107,0.1,none,1581
1,2021-01-16,lebensz,10 = aeusserst zufrieden,0.081,0.085,0.077,none,1581
1,2021-02-13,lebensz,0 = aeusserst unzufrieden,0.016,0.026,0.007,none,1544
1,2021-02-13,lebensz,1,0.011,0.023,-0.001,none,1544
1,2021-02-13,lebensz,2,0.031,0.038,0.024,none,1544
1,2021-02-13,lebensz,3,0.061,0.066,0.056,none,1544
1,2021-02-13,lebensz,4,0.042,0.048,0.036,none,1544
1,2021-02-13,lebensz,5,0.122,0.125,0.118,none,1544
1,2021-02-13,lebensz,6,0.102,0.105,0.098,none,1544
1,2021-02-13,lebensz,7,0.196,0.198,0.194,none,1544
1,2021-02-13,lebensz,8,0.229,0.231,0.226,none,1544
1,2021-02-13,lebensz,9,0.119,0.122,0.115,none,1544
1,2021-02-13,lebensz,10 = aeusserst zufrieden,0.072,0.076,0.067,none,1544
1,2021-03-13,lebensz,0 = aeusserst unzufrieden,0.02,0.029,0.011,none,1542
1,2021-03-13,lebensz,1,0.013,0.024,0.001,none,1542
1,2021-03-13,lebensz,2,0.029,0.036,0.022,none,1542
1,2021-03-13,lebensz,3,0.041,0.047,0.035,none,1542
1,2021-03-13,lebensz,4,0.064,0.069,0.059,none,1542
1,2021-03-13,lebensz,5,0.083,0.088,0.079,none,1542
1,2021-03-13,lebensz,6,0.097,0.101,0.093,none,1542
1,2021-03-13,lebensz,7,0.203,0.205,0.201,none,1542
1,2021-03-13,lebensz,8,0.239,0.241,0.237,none,1542
1,2021-03-13,lebensz,9,0.127,0.13,0.124,none,1542
1,2021-03-13,lebensz,10 = aeusserst zufrieden,0.085,0.089,0.081,none,1542
1,2021-04-16,lebensz,0 = aeusserst unzufrieden,0.018,0.028,0.009,none,1501
1,2021-04-16,lebensz,1,0.014,0.025,0.003,none,1501
1,2021-04-16,lebensz,2,0.037,0.043,0.03,none,1501
1,2021-04-16,lebensz,3,0.058,0.064,0.053,none,1501
1,2021-04-16,lebensz,4,0.042,0.048,0.036,none,1501
1,2021-04-16,lebensz,5,0.106,0.11,0.103,none,1501
1,2021-04-16,lebensz,6,0.112,0.116,0.109,none,1501
1,2021-04-16,lebensz,7,0.187,0.189,0.184,none,1501
1,2021-04-16,lebensz,8,0.236,0.238,0.234,none,1501
1,2021-04-16,lebensz,9,0.12,0.123,0.116,none,1501
1,2021-04-16,lebensz,10 = aeusserst zufrieden,0.07,0.075,0.065,none,1501
1,2021-05-22,lebensz,0 = aeusserst unzufrieden,0.021,0.03,0.012,none,1468
1,2021-05-22,lebensz,1,0.012,0.024,-0,none,1468
1,2021-05-22,lebensz,2,0.028,0.036,0.02,none,1468
1,2021-05-22,lebensz,3,0.051,0.057,0.045,none,1468
1,2021-05-22,lebensz,4,0.048,0.054,0.042,none,1468
1,2021-05-22,lebensz,5,0.107,0.111,0.103,none,1468
1,2021-05-22,lebensz,6,0.107,0.11,0.103,none,1468
1,2021-05-22,lebensz,7,0.192,0.194,0.189,none,1468
1,2021-05-22,lebensz,8,0.219,0.221,0.216,none,1468
1,2021-05-22,lebensz,9,0.132,0.135,0.129,none,1468
1,2021-05-22,lebensz,10 = aeusserst zufrieden,0.084,0.088,0.079,none,1468
1,2021-06-26,lebensz,0 = aeusserst unzufrieden,0.017,0.027,0.007,none,1479
1,2021-06-26,lebensz,1,0.014,0.025,0.003,none,1479
1,2021-06-26,lebensz,2,0.037,0.044,0.03,none,1479
1,2021-06-26,lebensz,3,0.049,0.054,0.043,none,1479
1,2021-06-26,lebensz,4,0.044,0.05,0.038,none,1479
1,2021-06-26,lebensz,5,0.112,0.116,0.109,none,1479
1,2021-06-26,lebensz,6,0.095,0.099,0.091,none,1479
1,2021-06-26,lebensz,7,0.189,0.191,0.186,none,1479
1,2021-06-26,lebensz,8,0.25,0.252,0.248,none,1479
1,2021-06-26,lebensz,9,0.119,0.123,0.116,none,1479
1,2021-06-26,lebensz,10 = aeusserst zufrieden,0.075,0.079,0.07,none,1479
1,2021-09-25,lebensz,0 = aeusserst unzufrieden,0.024,0.033,0.016,none,1480
1,2021-09-25,lebensz,1,0.017,0.027,0.007,none,1480
1,2021-09-25,lebensz,2,0.032,0.04,0.025,none,1480
1,2021-09-25,lebensz,3,0.063,0.068,0.058,none,1480
1,2021-09-25,lebensz,4,0.05,0.056,0.044,none,1480
1,2021-09-25,lebensz,5,0.104,0.108,0.101,none,1480
1,2021-09-25,lebensz,6,0.082,0.086,0.078,none,1480
1,2021-09-25,lebensz,7,0.175,0.177,0.172,none,1480
1,2021-09-25,lebensz,8,0.234,0.236,0.232,none,1480
1,2021-09-25,lebensz,9,0.136,0.139,0.133,none,1480
1,2021-09-25,lebensz,10 = aeusserst zufrieden,0.082,0.086,0.078,none,1480
2,2020-03-28,ges_per_gefahr,1 = sehr gross,0.102,0.105,0.098,none,1534
2,2020-03-28,ges_per_gefahr,2 = gross,0.164,0.166,0.161,none,1534
2,2020-03-28,ges_per_gefahr,3 = mittelmaessig,0.38,0.382,0.379,none,1534
2,2020-03-28,ges_per_gefahr,4 = klein,0.221,0.223,0.219,none,1534
2,2020-03-28,ges_per_gefahr,5 = sehr klein,0.133,0.136,0.13,none,1534
2,2020-03-28,ges_pub_gefahr,1 = sehr gross,0.19,0.192,0.187,none,1534
2,2020-03-28,ges_pub_gefahr,2 = gross,0.39,0.392,0.389,none,1534
2,2020-03-28,ges_pub_gefahr,3 = mittelmaessig,0.36,0.362,0.359,none,1534
2,2020-03-28,ges_pub_gefahr,4 = klein,0.042,0.048,0.036,none,1534
2,2020-03-28,ges_pub_gefahr,5 = sehr klein,0.018,0.027,0.008,none,1534
2,2020-04-04,ges_per_gefahr,1 = sehr gross,0.078,0.082,0.073,none,1547
2,2020-04-04,ges_per_gefahr,2 = gross,0.165,0.168,0.163,none,1547
2,2020-04-04,ges_per_gefahr,3 = mittelmaessig,0.375,0.376,0.374,none,1547
2,2020-04-04,ges_per_gefahr,4 = klein,0.237,0.239,0.235,none,1547
2,2020-04-04,ges_per_gefahr,5 = sehr klein,0.145,0.148,0.142,none,1547
2,2020-04-04,ges_pub_gefahr,1 = sehr gross,0.136,0.139,0.133,none,1548
2,2020-04-04,ges_pub_gefahr,2 = gross,0.363,0.364,0.362,none,1548
2,2020-04-04,ges_pub_gefahr,3 = mittelmaessig,0.408,0.409,0.406,none,1548
2,2020-04-04,ges_pub_gefahr,4 = klein,0.075,0.079,0.071,none,1548
2,2020-04-04,ges_pub_gefahr,5 = sehr klein,0.018,0.028,0.009,none,1548
2,2020-04-11,ges_per_gefahr,1 = sehr gross,0.058,0.063,0.052,none,1490
2,2020-04-11,ges_per_gefahr,2 = gross,0.133,0.136,0.13,none,1490
2,2020-04-11,ges_per_gefahr,3 = mittelmaessig,0.376,0.377,0.374,none,1490
2,2020-04-11,ges_per_gefahr,4 = klein,0.263,0.265,0.261,none,1490
2,2020-04-11,ges_per_gefahr,5 = sehr klein,0.171,0.174,0.168,none,1490
2,2020-04-11,ges_pub_gefahr,1 = sehr gross,0.083,0.087,0.078,none,1489
2,2020-04-11,ges_pub_gefahr,2 = gross,0.368,0.369,0.366,none,1489
2,2020-04-11,ges_pub_gefahr,3 = mittelmaessig,0.424,0.425,0.423,none,1489
2,2020-04-11,ges_pub_gefahr,4 = klein,0.11,0.113,0.106,none,1489
2,2020-04-11,ges_pub_gefahr,5 = sehr klein,0.016,0.026,0.006,none,1489
2,2020-04-17,ges_per_gefahr,1 = sehr gross,0.047,0.052,0.041,none,1521
2,2020-04-17,ges_per_gefahr,2 = gross,0.107,0.111,0.104,none,1521
2,2020-04-17,ges_per_gefahr,3 = mittelmaessig,0.366,0.367,0.365,none,1521
2,2020-04-17,ges_per_gefahr,4 = klein,0.276,0.278,0.274,none,1521
2,2020-04-17,ges_per_gefahr,5 = sehr klein,0.204,0.206,0.202,none,1521
2,2020-04-17,ges_pub_gefahr,1 = sehr gross,0.073,0.077,0.068,none,1519
2,2020-04-17,ges_pub_gefahr,2 = gross,0.285,0.286,0.283,none,1519
2,2020-04-17,ges_pub_gefahr,3 = mittelmaessig,0.483,0.484,0.482,none,1519
2,2020-04-17,ges_pub_gefahr,4 = klein,0.132,0.135,0.129,none,1519
2,2020-04-17,ges_pub_gefahr,5 = sehr klein,0.028,0.035,0.02,none,1519
2,2020-04-25,ges_per_gefahr,1 = sehr gross,0.035,0.042,0.028,none,1499
2,2020-04-25,ges_per_gefahr,2 = gross,0.123,0.126,0.12,none,1499
2,2020-04-25,ges_per_gefahr,3 = mittelmaessig,0.311,0.312,0.309,none,1499
2,2020-04-25,ges_per_gefahr,4 = klein,0.296,0.298,0.294,none,1499
2,2020-04-25,ges_per_gefahr,5 = sehr klein,0.235,0.237,0.233,none,1499
2,2020-04-25,ges_pub_gefahr,1 = sehr gross,0.056,0.062,0.051,none,1499
2,2020-04-25,ges_pub_gefahr,2 = gross,0.261,0.263,0.259,none,1499
2,2020-04-25,ges_pub_gefahr,3 = mittelmaessig,0.478,0.479,0.477,none,1499
2,2020-04-25,ges_pub_gefahr,4 = klein,0.16,0.163,0.157,none,1499
2,2020-04-25,ges_pub_gefahr,5 = sehr klein,0.045,0.051,0.039,none,1499
2,2020-05-03,ges_per_gefahr,1 = sehr gross,0.027,0.034,0.019,none,1538
2,2020-05-03,ges_per_gefahr,2 = gross,0.084,0.088,0.08,none,1538
2,2020-05-03,ges_per_gefahr,3 = mittelmaessig,0.332,0.334,0.331,none,1538
2,2020-05-03,ges_per_gefahr,4 = klein,0.286,0.288,0.284,none,1538
2,2020-05-03,ges_per_gefahr,5 = sehr klein,0.271,0.273,0.269,none,1538
2,2020-05-03,ges_pub_gefahr,1 = sehr gross,0.044,0.049,0.038,none,1537
2,2020-05-03,ges_pub_gefahr,2 = gross,0.239,0.241,0.237,none,1537
2,2020-05-03,ges_pub_gefahr,3 = mittelmaessig,0.457,0.458,0.456,none,1537
2,2020-05-03,ges_pub_gefahr,4 = klein,0.202,0.205,0.2,none,1537
2,2020-05-03,ges_pub_gefahr,5 = sehr klein,0.058,0.063,0.053,none,1537
2,2020-05-09,ges_per_gefahr,1 = sehr gross,0.029,0.036,0.021,none,1507
2,2020-05-09,ges_per_gefahr,2 = gross,0.068,0.073,0.064,none,1507
2,2020-05-09,ges_per_gefahr,3 = mittelmaessig,0.279,0.28,0.277,none,1507
2,2020-05-09,ges_per_gefahr,4 = klein,0.304,0.305,0.302,none,1507
2,2020-05-09,ges_per_gefahr,5 = sehr klein,0.321,0.322,0.319,none,1507
2,2020-05-09,ges_pub_gefahr,1 = sehr gross,0.037,0.044,0.031,none,1505
2,2020-05-09,ges_pub_gefahr,2 = gross,0.186,0.189,0.184,none,1505
2,2020-05-09,ges_pub_gefahr,3 = mittelmaessig,0.472,0.473,0.471,none,1505
2,2020-05-09,ges_pub_gefahr,4 = klein,0.223,0.225,0.221,none,1505
2,2020-05-09,ges_pub_gefahr,5 = sehr klein,0.081,0.086,0.077,none,1505
2,2020-05-16,ges_per_gefahr,1 = sehr gross,0.028,0.035,0.02,none,1485
2,2020-05-16,ges_per_gefahr,2 = gross,0.071,0.076,0.067,none,1485
2,2020-05-16,ges_per_gefahr,3 = mittelmaessig,0.271,0.273,0.269,none,1485
2,2020-05-16,ges_per_gefahr,4 = klein,0.29,0.291,0.288,none,1485
2,2020-05-16,ges_per_gefahr,5 = sehr klein,0.34,0.342,0.339,none,1485
2,2020-05-16,ges_pub_gefahr,1 = sehr gross,0.036,0.043,0.03,none,1485
2,2020-05-16,ges_pub_gefahr,2 = gross,0.158,0.161,0.155,none,1485
2,2020-05-16,ges_pub_gefahr,3 = mittelmaessig,0.464,0.465,0.463,none,1485
2,2020-05-16,ges_pub_gefahr,4 = klein,0.245,0.247,0.243,none,1485
2,2020-05-16,ges_pub_gefahr,5 = sehr klein,0.097,0.101,0.093,none,1485
2,2020-05-24,ges_per_gefahr,1 = sehr gross,0.023,0.031,0.014,none,1485
2,2020-05-24,ges_per_gefahr,2 = gross,0.066,0.071,0.062,none,1485
2,2020-05-24,ges_per_gefahr,3 = mittelmaessig,0.274,0.275,0.272,none,1485
2,2020-05-24,ges_per_gefahr,4 = klein,0.287,0.289,0.285,none,1485
2,2020-05-24,ges_per_gefahr,5 = sehr klein,0.35,0.352,0.349,none,1485
2,2020-05-24,ges_pub_gefahr,1 = sehr gross,0.041,0.047,0.035,none,1484
2,2020-05-24,ges_pub_gefahr,2 = gross,0.158,0.161,0.155,none,1484
2,2020-05-24,ges_pub_gefahr,3 = mittelmaessig,0.448,0.45,0.447,none,1484
2,2020-05-24,ges_pub_gefahr,4 = klein,0.25,0.252,0.248,none,1484
2,2020-05-24,ges_pub_gefahr,5 = sehr klein,0.102,0.106,0.098,none,1484
2,2020-05-29,ges_per_gefahr,1 = sehr gross,0.022,0.03,0.013,none,1481
2,2020-05-29,ges_per_gefahr,2 = gross,0.065,0.069,0.06,none,1481
2,2020-05-29,ges_per_gefahr,3 = mittelmaessig,0.246,0.248,0.244,none,1481
2,2020-05-29,ges_per_gefahr,4 = klein,0.293,0.294,0.291,none,1481
2,2020-05-29,ges_per_gefahr,5 = sehr klein,0.375,0.377,0.374,none,1481
2,2020-05-29,ges_pub_gefahr,1 = sehr gross,0.038,0.044,0.031,none,1483
2,2020-05-29,ges_pub_gefahr,2 = gross,0.13,0.133,0.127,none,1483
2,2020-05-29,ges_pub_gefahr,3 = mittelmaessig,0.41,0.411,0.409,none,1483
2,2020-05-29,ges_pub_gefahr,4 = klein,0.303,0.304,0.301,none,1483
2,2020-05-29,ges_pub_gefahr,5 = sehr klein,0.12,0.123,0.117,none,1483
2,2020-06-13,ges_per_gefahr,1 = sehr gross,0.025,0.033,0.017,none,1498
2,2020-06-13,ges_per_gefahr,2 = gross,0.064,0.069,0.06,none,1498
2,2020-06-13,ges_per_gefahr,3 = mittelmaessig,0.242,0.244,0.24,none,1498
2,2020-06-13,ges_per_gefahr,4 = klein,0.294,0.296,0.293,none,1498
2,2020-06-13,ges_per_gefahr,5 = sehr klein,0.374,0.376,0.373,none,1498
2,2020-06-13,ges_pub_gefahr,1 = sehr gross,0.044,0.05,0.038,none,1498
2,2020-06-13,ges_pub_gefahr,2 = gross,0.129,0.132,0.126,none,1498
2,2020-06-13,ges_pub_gefahr,3 = mittelmaessig,0.437,0.438,0.435,none,1498
2,2020-06-13,ges_pub_gefahr,4 = klein,0.263,0.265,0.261,none,1498
2,2020-06-13,ges_pub_gefahr,5 = sehr klein,0.127,0.13,0.123,none,1498
2,2020-06-27,ges_per_gefahr,1 = sehr gross,0.031,0.038,0.023,none,1505
2,2020-06-27,ges_per_gefahr,2 = gross,0.088,0.092,0.084,none,1505
2,2020-06-27,ges_per_gefahr,3 = mittelmaessig,0.271,0.273,0.27,none,1505
2,2020-06-27,ges_per_gefahr,4 = klein,0.304,0.306,0.303,none,1505
2,2020-06-27,ges_per_gefahr,5 = sehr klein,0.306,0.308,0.304,none,1505
2,2020-06-27,ges_pub_gefahr,1 = sehr gross,0.053,0.058,0.047,none,1506
2,2020-06-27,ges_pub_gefahr,2 = gross,0.2,0.203,0.198,none,1506
2,2020-06-27,ges_pub_gefahr,3 = mittelmaessig,0.451,0.453,0.45,none,1506
2,2020-06-27,ges_pub_gefahr,4 = klein,0.218,0.22,0.216,none,1506
2,2020-06-27,ges_pub_gefahr,5 = sehr klein,0.078,0.082,0.073,none,1506
2,2020-07-11,ges_per_gefahr,1 = sehr gross,0.041,0.047,0.035,none,1515
2,2020-07-11,ges_per_gefahr,2 = gross,0.095,0.099,0.091,none,1515
2,2020-07-11,ges_per_gefahr,3 = mittelmaessig,0.314,0.315,0.312,none,1515
2,2020-07-11,ges_per_gefahr,4 = klein,0.299,0.301,0.298,none,1515
2,2020-07-11,ges_per_gefahr,5 = sehr klein,0.251,0.253,0.249,none,1515
2,2020-07-11,ges_pub_gefahr,1 = sehr gross,0.066,0.071,0.061,none,1514
2,2020-07-11,ges_pub_gefahr,2 = gross,0.243,0.245,0.241,none,1514
2,2020-07-11,ges_pub_gefahr,3 = mittelmaessig,0.453,0.454,0.452,none,1514
2,2020-07-11,ges_pub_gefahr,4 = klein,0.172,0.175,0.17,none,1514
2,2020-07-11,ges_pub_gefahr,5 = sehr klein,0.065,0.07,0.061,none,1514
2,2020-08-15,ges_per_gefahr,1 = sehr gross,0.038,0.044,0.031,none,1531
2,2020-08-15,ges_per_gefahr,2 = gross,0.103,0.106,0.099,none,1531
2,2020-08-15,ges_per_gefahr,3 = mittelmaessig,0.356,0.357,0.354,none,1531
2,2020-08-15,ges_per_gefahr,4 = klein,0.281,0.282,0.279,none,1531
2,2020-08-15,ges_per_gefahr,5 = sehr klein,0.224,0.226,0.221,none,1531
2,2020-08-15,ges_pub_gefahr,1 = sehr gross,0.08,0.084,0.076,none,1530
2,2020-08-15,ges_pub_gefahr,2 = gross,0.26,0.262,0.258,none,1530
2,2020-08-15,ges_pub_gefahr,3 = mittelmaessig,0.425,0.426,0.423,none,1530
2,2020-08-15,ges_pub_gefahr,4 = klein,0.152,0.155,0.15,none,1530
2,2020-08-15,ges_pub_gefahr,5 = sehr klein,0.083,0.087,0.079,none,1530
2,2020-09-12,ges_per_gefahr,1 = sehr gross,0.039,0.045,0.032,none,1566
2,2020-09-12,ges_per_gefahr,2 = gross,0.11,0.113,0.107,none,1566
2,2020-09-12,ges_per_gefahr,3 = mittelmaessig,0.376,0.378,0.375,none,1566
2,2020-09-12,ges_per_gefahr,4 = klein,0.258,0.26,0.256,none,1566
2,2020-09-12,ges_per_gefahr,5 = sehr klein,0.217,0.219,0.215,none,1566
2,2020-09-12,ges_pub_gefahr,1 = sehr gross,0.101,0.104,0.097,none,1566
2,2020-09-12,ges_pub_gefahr,2 = gross,0.266,0.268,0.264,none,1566
2,2020-09-12,ges_pub_gefahr,3 = mittelmaessig,0.437,0.438,0.436,none,1566
2,2020-09-12,ges_pub_gefahr,4 = klein,0.12,0.124,0.117,none,1566
2,2020-09-12,ges_pub_gefahr,5 = sehr klein,0.076,0.08,0.072,none,1566
2,2020-10-17,ges_per_gefahr,1 = sehr gross,0.04,0.046,0.034,none,1652
2,2020-10-17,ges_per_gefahr,2 = gross,0.127,0.13,0.124,none,1652
2,2020-10-17,ges_per_gefahr,3 = mittelmaessig,0.372,0.373,0.371,none,1652
2,2020-10-17,ges_per_gefahr,4 = klein,0.265,0.267,0.264,none,1652
2,2020-10-17,ges_per_gefahr,5 = sehr klein,0.196,0.198,0.194,none,1652
2,2020-10-17,ges_pub_gefahr,1 = sehr gross,0.117,0.12,0.114,none,1655
2,2020-10-17,ges_pub_gefahr,2 = gross,0.325,0.326,0.323,none,1655
2,2020-10-17,ges_pub_gefahr,3 = mittelmaessig,0.365,0.366,0.364,none,1655
2,2020-10-17,ges_pub_gefahr,4 = klein,0.131,0.134,0.128,none,1655
2,2020-10-17,ges_pub_gefahr,5 = sehr klein,0.063,0.067,0.058,none,1655
2,2020-11-14,ges_per_gefahr,1 = sehr gross,0.072,0.076,0.068,none,1584
2,2020-11-14,ges_per_gefahr,2 = gross,0.16,0.163,0.158,none,1584
2,2020-11-14,ges_per_gefahr,3 = mittelmaessig,0.365,0.367,0.364,none,1584
2,2020-11-14,ges_per_gefahr,4 = klein,0.244,0.245,0.242,none,1584
2,2020-11-14,ges_per_gefahr,5 = sehr klein,0.159,0.162,0.157,none,1584
2,2020-11-14,ges_pub_gefahr,1 = sehr gross,0.201,0.203,0.199,none,1583
2,2020-11-14,ges_pub_gefahr,2 = gross,0.376,0.377,0.375,none,1583
2,2020-11-14,ges_pub_gefahr,3 = mittelmaessig,0.293,0.295,0.292,none,1583
2,2020-11-14,ges_pub_gefahr,4 = klein,0.081,0.085,0.077,none,1583
2,2020-11-14,ges_pub_gefahr,5 = sehr klein,0.049,0.054,0.043,none,1583
2,2020-12-13,ges_per_gefahr,1 = sehr gross,0.05,0.055,0.045,none,1553
2,2020-12-13,ges_per_gefahr,2 = gross,0.121,0.125,0.118,none,1553
2,2020-12-13,ges_per_gefahr,3 = mittelmaessig,0.351,0.353,0.35,none,1553
2,2020-12-13,ges_per_gefahr,4 = klein,0.273,0.275,0.271,none,1553
2,2020-12-13,ges_per_gefahr,5 = sehr klein,0.204,0.207,0.202,none,1553
2,2020-12-13,ges_pub_gefahr,1 = sehr gross,0.122,0.125,0.119,none,1554
2,2020-12-13,ges_pub_gefahr,2 = gross,0.335,0.337,0.334,none,1554
2,2020-12-13,ges_pub_gefahr,3 = mittelmaessig,0.387,0.389,0.386,none,1554
2,2020-12-13,ges_pub_gefahr,4 = klein,0.106,0.11,0.103,none,1554
2,2020-12-13,ges_pub_gefahr,5 = sehr klein,0.049,0.054,0.043,none,1554
2,2021-01-16,ges_per_gefahr,1 = sehr gross,0.05,0.055,0.045,none,1599
2,2021-01-16,ges_per_gefahr,2 = gross,0.134,0.137,0.131,none,1599
2,2021-01-16,ges_per_gefahr,3 = mittelmaessig,0.362,0.364,0.361,none,1599
2,2021-01-16,ges_per_gefahr,4 = klein,0.26,0.262,0.258,none,1599
2,2021-01-16,ges_per_gefahr,5 = sehr klein,0.193,0.196,0.191,none,1599
2,2021-01-16,ges_pub_gefahr,1 = sehr gross,0.124,0.127,0.121,none,1603
2,2021-01-16,ges_pub_gefahr,2 = gross,0.337,0.338,0.336,none,1603
2,2021-01-16,ges_pub_gefahr,3 = mittelmaessig,0.363,0.365,0.362,none,1603
2,2021-01-16,ges_pub_gefahr,4 = klein,0.119,0.122,0.116,none,1603
2,2021-01-16,ges_pub_gefahr,5 = sehr klein,0.056,0.061,0.051,none,1603
2,2021-02-13,ges_per_gefahr,1 = sehr gross,0.041,0.047,0.035,none,1562
2,2021-02-13,ges_per_gefahr,2 = gross,0.109,0.112,0.105,none,1562
2,2021-02-13,ges_per_gefahr,3 = mittelmaessig,0.364,0.365,0.363,none,1562
2,2021-02-13,ges_per_gefahr,4 = klein,0.269,0.271,0.267,none,1562
2,2021-02-13,ges_per_gefahr,5 = sehr klein,0.217,0.219,0.215,none,1562
2,2021-02-13,ges_pub_gefahr,1 = sehr gross,0.093,0.097,0.089,none,1562
2,2021-02-13,ges_pub_gefahr,2 = gross,0.317,0.318,0.315,none,1562
2,2021-02-13,ges_pub_gefahr,3 = mittelmaessig,0.388,0.389,0.387,none,1562
2,2021-02-13,ges_pub_gefahr,4 = klein,0.137,0.139,0.134,none,1562
2,2021-02-13,ges_pub_gefahr,5 = sehr klein,0.066,0.07,0.061,none,1562
2,2021-03-13,ges_per_gefahr,1 = sehr gross,0.046,0.051,0.04,none,1561
2,2021-03-13,ges_per_gefahr,2 = gross,0.104,0.108,0.101,none,1561
2,2021-03-13,ges_per_gefahr,3 = mittelmaessig,0.342,0.344,0.341,none,1561
2,2021-03-13,ges_per_gefahr,4 = klein,0.277,0.279,0.275,none,1561
2,2021-03-13,ges_per_gefahr,5 = sehr klein,0.231,0.233,0.229,none,1561
2,2021-03-13,ges_pub_gefahr,1 = sehr gross,0.104,0.108,0.101,none,1560
2,2021-03-13,ges_pub_gefahr,2 = gross,0.326,0.328,0.325,none,1560
2,2021-03-13,ges_pub_gefahr,3 = mittelmaessig,0.374,0.375,0.372,none,1560
2,2021-03-13,ges_pub_gefahr,4 = klein,0.124,0.127,0.121,none,1560
2,2021-03-13,ges_pub_gefahr,5 = sehr klein,0.072,0.076,0.067,none,1560
2,2021-04-16,ges_per_gefahr,1 = sehr gross,0.045,0.051,0.039,none,1514
2,2021-04-16,ges_per_gefahr,2 = gross,0.103,0.106,0.099,none,1514
2,2021-04-16,ges_per_gefahr,3 = mittelmaessig,0.344,0.345,0.343,none,1514
2,2021-04-16,ges_per_gefahr,4 = klein,0.262,0.264,0.26,none,1514
2,2021-04-16,ges_per_gefahr,5 = sehr klein,0.246,0.248,0.245,none,1514
2,2021-04-16,ges_pub_gefahr,1 = sehr gross,0.076,0.08,0.072,none,1514
2,2021-04-16,ges_pub_gefahr,2 = gross,0.294,0.296,0.293,none,1514
2,2021-04-16,ges_pub_gefahr,3 = mittelmaessig,0.413,0.415,0.412,none,1514
2,2021-04-16,ges_pub_gefahr,4 = klein,0.139,0.142,0.136,none,1514
2,2021-04-16,ges_pub_gefahr,5 = sehr klein,0.077,0.081,0.073,none,1514
2,2021-05-22,ges_per_gefahr,1 = sehr gross,0.023,0.032,0.015,none,1488
2,2021-05-22,ges_per_gefahr,2 = gross,0.072,0.077,0.068,none,1488
2,2021-05-22,ges_per_gefahr,3 = mittelmaessig,0.283,0.285,0.281,none,1488
2,2021-05-22,ges_per_gefahr,4 = klein,0.315,0.316,0.313,none,1488
2,2021-05-22,ges_per_gefahr,5 = sehr klein,0.307,0.308,0.305,none,1488
2,2021-05-22,ges_pub_gefahr,1 = sehr gross,0.038,0.045,0.032,none,1488
2,2021-05-22,ges_pub_gefahr,2 = gross,0.184,0.187,0.182,none,1488
2,2021-05-22,ges_pub_gefahr,3 = mittelmaessig,0.472,0.473,0.471,none,1488
2,2021-05-22,ges_pub_gefahr,4 = klein,0.209,0.211,0.207,none,1488
2,2021-05-22,ges_pub_gefahr,5 = sehr klein,0.096,0.1,0.092,none,1488
2,2021-06-26,ges_per_gefahr,1 = sehr gross,0.027,0.035,0.02,none,1497
2,2021-06-26,ges_per_gefahr,2 = gross,0.067,0.072,0.062,none,1497
2,2021-06-26,ges_per_gefahr,3 = mittelmaessig,0.238,0.24,0.236,none,1497
2,2021-06-26,ges_per_gefahr,4 = klein,0.312,0.314,0.311,none,1497
2,2021-06-26,ges_per_gefahr,5 = sehr klein,0.356,0.357,0.354,none,1497
2,2021-06-26,ges_pub_gefahr,1 = sehr gross,0.04,0.046,0.034,none,1493
2,2021-06-26,ges_pub_gefahr,2 = gross,0.169,0.172,0.167,none,1493
2,2021-06-26,ges_pub_gefahr,3 = mittelmaessig,0.431,0.432,0.43,none,1493
2,2021-06-26,ges_pub_gefahr,4 = klein,0.249,0.251,0.247,none,1493
2,2021-06-26,ges_pub_gefahr,5 = sehr klein,0.11,0.114,0.107,none,1493
2,2021-09-25,ges_per_gefahr,1 = sehr gross,0.032,0.039,0.025,none,1496
2,2021-09-25,ges_per_gefahr,2 = gross,0.076,0.08,0.071,none,1496
2,2021-09-25,ges_per_gefahr,3 = mittelmaessig,0.312,0.314,0.311,none,1496
2,2021-09-25,ges_per_gefahr,4 = klein,0.297,0.299,0.295,none,1496
2,2021-09-25,ges_per_gefahr,5 = sehr klein,0.283,0.285,0.281,none,1496
2,2021-09-25,ges_pub_gefahr,1 = sehr gross,0.064,0.069,0.059,none,1495
2,2021-09-25,ges_pub_gefahr,2 = gross,0.227,0.229,0.225,none,1495
2,2021-09-25,ges_pub_gefahr,3 = mittelmaessig,0.445,0.446,0.444,none,1495
2,2021-09-25,ges_pub_gefahr,4 = klein,0.189,0.192,0.187,none,1495
2,2021-09-25,ges_pub_gefahr,5 = sehr klein,0.075,0.079,0.07,none,1495
3,2020-03-28,wochentag,1 = Trifft voll und ganz zu,0.143,0.146,0.14,none,1535
3,2020-03-28,wochentag,2 = Trifft eher zu,0.19,0.192,0.188,none,1535
3,2020-03-28,wochentag,3 = Teils-teils,0.189,0.192,0.187,none,1535
3,2020-03-28,wochentag,4 = Trifft eher nicht zu,0.155,0.158,0.152,none,1535
3,2020-03-28,wochentag,5 = Trifft gar nicht zu,0.323,0.324,0.321,none,1535
3,2020-03-28,kontakt,1 = Trifft voll und ganz zu,0.29,0.291,0.288,none,1533
3,2020-03-28,kontakt,2 = Trifft eher zu,0.261,0.263,0.259,none,1533
3,2020-03-28,kontakt,3 = Teils-teils,0.252,0.253,0.25,none,1533
3,2020-03-28,kontakt,4 = Trifft eher nicht zu,0.098,0.102,0.095,none,1533
3,2020-03-28,kontakt,5 = Trifft gar nicht zu,0.099,0.103,0.096,none,1533
3,2020-04-04,wochentag,1 = Trifft voll und ganz zu,0.124,0.127,0.121,none,1544
3,2020-04-04,wochentag,2 = Trifft eher zu,0.198,0.2,0.196,none,1544
3,2020-04-04,wochentag,3 = Teils-teils,0.224,0.226,0.222,none,1544
3,2020-04-04,wochentag,4 = Trifft eher nicht zu,0.151,0.154,0.149,none,1544
3,2020-04-04,wochentag,5 = Trifft gar nicht zu,0.303,0.305,0.301,none,1544
3,2020-04-04,kontakt,1 = Trifft voll und ganz zu,0.322,0.323,0.32,none,1547
3,2020-04-04,kontakt,2 = Trifft eher zu,0.232,0.234,0.23,none,1547
3,2020-04-04,kontakt,3 = Teils-teils,0.267,0.269,0.265,none,1547
3,2020-04-04,kontakt,4 = Trifft eher nicht zu,0.092,0.096,0.088,none,1547
3,2020-04-04,kontakt,5 = Trifft gar nicht zu,0.087,0.091,0.083,none,1547
3,2020-04-11,wochentag,1 = Trifft voll und ganz zu,0.12,0.123,0.116,none,1489
3,2020-04-11,wochentag,2 = Trifft eher zu,0.178,0.18,0.175,none,1489
3,2020-04-11,wochentag,3 = Teils-teils,0.229,0.231,0.227,none,1489
3,2020-04-11,wochentag,4 = Trifft eher nicht zu,0.168,0.171,0.165,none,1489
3,2020-04-11,wochentag,5 = Trifft gar nicht zu,0.306,0.307,0.304,none,1489
3,2020-04-11,kontakt,1 = Trifft voll und ganz zu,0.297,0.299,0.295,none,1489
3,2020-04-11,kontakt,2 = Trifft eher zu,0.249,0.251,0.247,none,1489
3,2020-04-11,kontakt,3 = Teils-teils,0.267,0.269,0.265,none,1489
3,2020-04-11,kontakt,4 = Trifft eher nicht zu,0.099,0.103,0.096,none,1489
3,2020-04-11,kontakt,5 = Trifft gar nicht zu,0.088,0.092,0.084,none,1489
3,2020-04-17,wochentag,1 = Trifft voll und ganz zu,0.109,0.113,0.106,none,1511
3,2020-04-17,wochentag,2 = Trifft eher zu,0.174,0.177,0.172,none,1511
3,2020-04-17,wochentag,3 = Teils-teils,0.2,0.202,0.198,none,1511
3,2020-04-17,wochentag,4 = Trifft eher nicht zu,0.19,0.192,0.188,none,1511
3,2020-04-17,wochentag,5 = Trifft gar nicht zu,0.326,0.328,0.325,none,1511
3,2020-04-17,kontakt,1 = Trifft voll und ganz zu,0.273,0.275,0.271,none,1511
3,2020-04-17,kontakt,2 = Trifft eher zu,0.27,0.272,0.269,none,1511
3,2020-04-17,kontakt,3 = Teils-teils,0.254,0.256,0.252,none,1511
3,2020-04-17,kontakt,4 = Trifft eher nicht zu,0.103,0.107,0.1,none,1511
3,2020-04-17,kontakt,5 = Trifft gar nicht zu,0.099,0.103,0.095,none,1511
3,2020-04-25,wochentag,1 = Trifft voll und ganz zu,0.126,0.129,0.123,none,1500
3,2020-04-25,wochentag,2 = Trifft eher zu,0.146,0.149,0.143,none,1500
3,2020-04-25,wochentag,3 = Teils-teils,0.211,0.213,0.208,none,1500
3,2020-04-25,wochentag,4 = Trifft eher nicht zu,0.157,0.159,0.154,none,1500
3,2020-04-25,wochentag,5 = Trifft gar nicht zu,0.361,0.362,0.359,none,1500
3,2020-04-25,kontakt,1 = Trifft voll und ganz zu,0.292,0.294,0.291,none,1500
3,2020-04-25,kontakt,2 = Trifft eher zu,0.228,0.23,0.226,none,1500
3,2020-04-25,kontakt,3 = Teils-teils,0.285,0.287,0.283,none,1500
3,2020-04-25,kontakt,4 = Trifft eher nicht zu,0.085,0.09,0.081,none,1500
3,2020-04-25,kontakt,5 = Trifft gar nicht zu,0.109,0.112,0.105,none,1500
3,2020-05-03,wochentag,1 = Trifft voll und ganz zu,0.113,0.116,0.109,none,1528
3,2020-05-03,wochentag,2 = Trifft eher zu,0.142,0.145,0.139,none,1528
3,2020-05-03,wochentag,3 = Teils-teils,0.223,0.225,0.221,none,1528
3,2020-05-03,wochentag,4 = Trifft eher nicht zu,0.177,0.18,0.175,none,1528
3,2020-05-03,wochentag,5 = Trifft gar nicht zu,0.345,0.346,0.343,none,1528
3,2020-05-03,kontakt,1 = Trifft voll und ganz zu,0.263,0.265,0.262,none,1529
3,2020-05-03,kontakt,2 = Trifft eher zu,0.236,0.238,0.234,none,1529
3,2020-05-03,kontakt,3 = Teils-teils,0.279,0.281,0.277,none,1529
3,2020-05-03,kontakt,4 = Trifft eher nicht zu,0.122,0.125,0.119,none,1529
3,2020-05-03,kontakt,5 = Trifft gar nicht zu,0.1,0.103,0.096,none,1529
3,2020-05-09,wochentag,1 = Trifft voll und ganz zu,0.087,0.091,0.082,none,1494
3,2020-05-09,wochentag,2 = Trifft eher zu,0.138,0.141,0.135,none,1494
3,2020-05-09,wochentag,3 = Teils-teils,0.216,0.218,0.214,none,1494
3,2020-05-09,wochentag,4 = Trifft eher nicht zu,0.187,0.19,0.185,none,1494
3,2020-05-09,wochentag,5 = Trifft gar nicht zu,0.372,0.374,0.371,none,1494
3,2020-05-09,kontakt,1 = Trifft voll und ganz zu,0.195,0.197,0.192,none,1491
3,2020-05-09,kontakt,2 = Trifft eher zu,0.224,0.226,0.221,none,1491
3,2020-05-09,kontakt,3 = Teils-teils,0.302,0.303,0.3,none,1491
3,2020-05-09,kontakt,4 = Trifft eher nicht zu,0.142,0.145,0.139,none,1491
3,2020-05-09,kontakt,5 = Trifft gar nicht zu,0.138,0.141,0.135,none,1491
3,2020-05-16,wochentag,1 = Trifft voll und ganz zu,0.083,0.088,0.079,none,1472
3,2020-05-16,wochentag,2 = Trifft eher zu,0.14,0.143,0.137,none,1472
3,2020-05-16,wochentag,3 = Teils-teils,0.203,0.205,0.201,none,1472
3,2020-05-16,wochentag,4 = Trifft eher nicht zu,0.19,0.193,0.188,none,1472
3,2020-05-16,wochentag,5 = Trifft gar nicht zu,0.383,0.385,0.382,none,1472
3,2020-05-16,kontakt,1 = Trifft voll und ganz zu,0.19,0.193,0.188,none,1470
3,2020-05-16,kontakt,2 = Trifft eher zu,0.211,0.214,0.209,none,1470
3,2020-05-16,kontakt,3 = Teils-teils,0.274,0.276,0.272,none,1470
3,2020-05-16,kontakt,4 = Trifft eher nicht zu,0.158,0.161,0.155,none,1470
3,2020-05-16,kontakt,5 = Trifft gar nicht zu,0.167,0.169,0.164,none,1470
3,2020-05-24,wochentag,1 = Trifft voll und ganz zu,0.083,0.088,0.079,none,1466
3,2020-05-24,wochentag,2 = Trifft eher zu,0.106,0.11,0.102,none,1466
3,2020-05-24,wochentag,3 = Teils-teils,0.205,0.207,0.202,none,1466
3,2020-05-24,wochentag,4 = Trifft eher nicht zu,0.177,0.18,0.175,none,1466
3,2020-05-24,wochentag,5 = Trifft gar nicht zu,0.429,0.43,0.428,none,1466
3,2020-05-24,kontakt,1 = Trifft voll und ganz zu,0.15,0.153,0.147,none,1471
3,2020-05-24,kontakt,2 = Trifft eher zu,0.194,0.197,0.192,none,1471
3,2020-05-24,kontakt,3 = Teils-teils,0.289,0.291,0.288,none,1471
3,2020-05-24,kontakt,4 = Trifft eher nicht zu,0.14,0.144,0.137,none,1471
3,2020-05-24,kontakt,5 = Trifft gar nicht zu,0.226,0.228,0.224,none,1471
3,2020-05-29,wochentag,1 = Trifft voll und ganz zu,0.079,0.084,0.075,none,1473
3,2020-05-29,wochentag,2 = Trifft eher zu,0.095,0.099,0.091,none,1473
3,2020-05-29,wochentag,3 = Teils-teils,0.21,0.212,0.207,none,1473
3,2020-05-29,wochentag,4 = Trifft eher nicht zu,0.186,0.189,0.184,none,1473
3,2020-05-29,wochentag,5 = Trifft gar nicht zu,0.43,0.431,0.429,none,1473
3,2020-05-29,kontakt,1 = Trifft voll und ganz zu,0.136,0.139,0.132,none,1473
3,2020-05-29,kontakt,2 = Trifft eher zu,0.181,0.183,0.178,none,1473
3,2020-05-29,kontakt,3 = Teils-teils,0.285,0.287,0.283,none,1473
3,2020-05-29,kontakt,4 = Trifft eher nicht zu,0.17,0.172,0.167,none,1473
3,2020-05-29,kontakt,5 = Trifft gar nicht zu,0.229,0.231,0.227,none,1473
3,2020-06-13,wochentag,1 = Trifft voll und ganz zu,0.069,0.073,0.064,none,1470
3,2020-06-13,wochentag,2 = Trifft eher zu,0.101,0.104,0.097,none,1470
3,2020-06-13,wochentag,3 = Teils-teils,0.202,0.204,0.2,none,1470
3,2020-06-13,wochentag,4 = Trifft eher nicht zu,0.181,0.184,0.179,none,1470
3,2020-06-13,wochentag,5 = Trifft gar nicht zu,0.447,0.449,0.446,none,1470
3,2020-06-13,kontakt,1 = Trifft voll und ganz zu,0.104,0.108,0.1,none,1474
3,2020-06-13,kontakt,2 = Trifft eher zu,0.155,0.158,0.153,none,1474
3,2020-06-13,kontakt,3 = Teils-teils,0.23,0.232,0.228,none,1474
3,2020-06-13,kontakt,4 = Trifft eher nicht zu,0.196,0.198,0.193,none,1474
3,2020-06-13,kontakt,5 = Trifft gar nicht zu,0.315,0.317,0.314,none,1474
3,2020-06-27,wochentag,1 = Trifft voll und ganz zu,0.057,0.063,0.052,none,1488
3,2020-06-27,wochentag,2 = Trifft eher zu,0.093,0.097,0.089,none,1488
3,2020-06-27,wochentag,3 = Teils-teils,0.194,0.196,0.191,none,1488
3,2020-06-27,wochentag,4 = Trifft eher nicht zu,0.212,0.215,0.21,none,1488
3,2020-06-27,wochentag,5 = Trifft gar nicht zu,0.443,0.444,0.442,none,1488
3,2020-06-27,kontakt,1 = Trifft voll und ganz zu,0.078,0.082,0.073,none,1484
3,2020-06-27,kontakt,2 = Trifft eher zu,0.145,0.148,0.142,none,1484
3,2020-06-27,kontakt,3 = Teils-teils,0.247,0.249,0.245,none,1484
3,2020-06-27,kontakt,4 = Trifft eher nicht zu,0.2,0.203,0.198,none,1484
3,2020-06-27,kontakt,5 = Trifft gar nicht zu,0.33,0.331,0.328,none,1484
3,2020-07-11,wochentag,1 = Trifft voll und ganz zu,0.062,0.067,0.058,none,1500
3,2020-07-11,wochentag,2 = Trifft eher zu,0.082,0.086,0.077,none,1500
3,2020-07-11,wochentag,3 = Teils-teils,0.17,0.172,0.167,none,1500
3,2020-07-11,wochentag,4 = Trifft eher nicht zu,0.18,0.183,0.178,none,1500
3,2020-07-11,wochentag,5 = Trifft gar nicht zu,0.506,0.507,0.505,none,1500
3,2020-07-11,kontakt,1 = Trifft voll und ganz zu,0.076,0.08,0.071,none,1494
3,2020-07-11,kontakt,2 = Trifft eher zu,0.107,0.11,0.103,none,1494
3,2020-07-11,kontakt,3 = Teils-teils,0.242,0.245,0.24,none,1494
3,2020-07-11,kontakt,4 = Trifft eher nicht zu,0.192,0.194,0.19,none,1494
3,2020-07-11,kontakt,5 = Trifft gar nicht zu,0.383,0.385,0.382,none,1494
3,2020-08-15,wochentag,1 = Trifft voll und ganz zu,0.058,0.063,0.053,none,1513
3,2020-08-15,wochentag,2 = Trifft eher zu,0.106,0.11,0.103,none,1513
3,2020-08-15,wochentag,3 = Teils-teils,0.167,0.17,0.164,none,1513
3,2020-08-15,wochentag,4 = Trifft eher nicht zu,0.204,0.206,0.201,none,1513
3,2020-08-15,wochentag,5 = Trifft gar nicht zu,0.466,0.467,0.465,none,1513
3,2020-08-15,kontakt,1 = Trifft voll und ganz zu,0.06,0.065,0.055,none,1510
3,2020-08-15,kontakt,2 = Trifft eher zu,0.122,0.125,0.119,none,1510
3,2020-08-15,kontakt,3 = Teils-teils,0.231,0.233,0.229,none,1510
3,2020-08-15,kontakt,4 = Trifft eher nicht zu,0.221,0.223,0.219,none,1510
3,2020-08-15,kontakt,5 = Trifft gar nicht zu,0.366,0.367,0.364,none,1510
3,2020-09-12,wochentag,1 = Trifft voll und ganz zu,0.045,0.051,0.039,none,1548
3,2020-09-12,wochentag,2 = Trifft eher zu,0.09,0.094,0.086,none,1548
3,2020-09-12,wochentag,3 = Teils-teils,0.162,0.164,0.159,none,1548
3,2020-09-12,wochentag,4 = Trifft eher nicht zu,0.18,0.182,0.177,none,1548
3,2020-09-12,wochentag,5 = Trifft gar nicht zu,0.523,0.524,0.523,none,1548
3,2020-09-12,kontakt,1 = Trifft voll und ganz zu,0.068,0.073,0.064,none,1540
3,2020-09-12,kontakt,2 = Trifft eher zu,0.122,0.125,0.119,none,1540
3,2020-09-12,kontakt,3 = Teils-teils,0.235,0.237,0.233,none,1540
3,2020-09-12,kontakt,4 = Trifft eher nicht zu,0.21,0.213,0.208,none,1540
3,2020-09-12,kontakt,5 = Trifft gar nicht zu,0.364,0.366,0.363,none,1540
3,2020-10-17,wochentag,1 = Trifft voll und ganz zu,0.053,0.058,0.048,none,1630
3,2020-10-17,wochentag,2 = Trifft eher zu,0.069,0.074,0.065,none,1630
3,2020-10-17,wochentag,3 = Teils-teils,0.173,0.176,0.171,none,1630
3,2020-10-17,wochentag,4 = Trifft eher nicht zu,0.21,0.212,0.208,none,1630
3,2020-10-17,wochentag,5 = Trifft gar nicht zu,0.495,0.496,0.494,none,1630
3,2020-10-17,kontakt,1 = Trifft voll und ganz zu,0.087,0.091,0.084,none,1619
3,2020-10-17,kontakt,2 = Trifft eher zu,0.16,0.163,0.157,none,1619
3,2020-10-17,kontakt,3 = Teils-teils,0.25,0.252,0.248,none,1619
3,2020-10-17,kontakt,4 = Trifft eher nicht zu,0.208,0.21,0.206,none,1619
3,2020-10-17,kontakt,5 = Trifft gar nicht zu,0.295,0.296,0.293,none,1619
3,2020-11-14,wochentag,1 = Trifft voll und ganz zu,0.084,0.088,0.08,none,1563
3,2020-11-14,wochentag,2 = Trifft eher zu,0.082,0.086,0.078,none,1563
3,2020-11-14,wochentag,3 = Teils-teils,0.158,0.16,0.155,none,1563
3,2020-11-14,wochentag,4 = Trifft eher nicht zu,0.167,0.17,0.165,none,1563
3,2020-11-14,wochentag,5 = Trifft gar nicht zu,0.51,0.511,0.509,none,1563
3,2020-11-14,kontakt,1 = Trifft voll und ganz zu,0.174,0.176,0.171,none,1565
3,2020-11-14,kontakt,2 = Trifft eher zu,0.18,0.183,0.178,none,1565
3,2020-11-14,kontakt,3 = Teils-teils,0.277,0.279,0.275,none,1565
3,2020-11-14,kontakt,4 = Trifft eher nicht zu,0.151,0.154,0.148,none,1565
3,2020-11-14,kontakt,5 = Trifft gar nicht zu,0.218,0.22,0.216,none,1565
3,2020-12-13,wochentag,1 = Trifft voll und ganz zu,0.086,0.09,0.082,none,1542
3,2020-12-13,wochentag,2 = Trifft eher zu,0.084,0.088,0.08,none,1542
3,2020-12-13,wochentag,3 = Teils-teils,0.19,0.192,0.187,none,1542
3,2020-12-13,wochentag,4 = Trifft eher nicht zu,0.205,0.208,0.203,none,1542
3,2020-12-13,wochentag,5 = Trifft gar nicht zu,0.435,0.436,0.434,none,1542
3,2020-12-13,kontakt,1 = Trifft voll und ganz zu,0.208,0.21,0.206,none,1536
3,2020-12-13,kontakt,2 = Trifft eher zu,0.218,0.22,0.216,none,1536
3,2020-12-13,kontakt,3 = Teils-teils,0.274,0.275,0.272,none,1536
3,2020-12-13,kontakt,4 = Trifft eher nicht zu,0.134,0.137,0.131,none,1536
3,2020-12-13,kontakt,5 = Trifft gar nicht zu,0.167,0.169,0.164,none,1536
3,2021-01-16,wochentag,1 = Trifft voll und ganz zu,0.099,0.102,0.095,none,1581
3,2021-01-16,wochentag,2 = Trifft eher zu,0.123,0.126,0.12,none,1581
3,2021-01-16,wochentag,3 = Teils-teils,0.172,0.174,0.169,none,1581
3,2021-01-16,wochentag,4 = Trifft eher nicht zu,0.176,0.178,0.173,none,1581
3,2021-01-16,wochentag,5 = Trifft gar nicht zu,0.431,0.432,0.43,none,1581
3,2021-01-16,kontakt,1 = Trifft voll und ganz zu,0.309,0.311,0.308,none,1582
3,2021-01-16,kontakt,2 = Trifft eher zu,0.197,0.199,0.195,none,1582
3,2021-01-16,kontakt,3 = Teils-teils,0.251,0.253,0.25,none,1582
3,2021-01-16,kontakt,4 = Trifft eher nicht zu,0.099,0.103,0.096,none,1582
3,2021-01-16,kontakt,5 = Trifft gar nicht zu,0.143,0.146,0.14,none,1582
3,2021-02-13,wochentag,1 = Trifft voll und ganz zu,0.08,0.084,0.076,none,1545
3,2021-02-13,wochentag,2 = Trifft eher zu,0.118,0.122,0.115,none,1545
3,2021-02-13,wochentag,3 = Teils-teils,0.185,0.187,0.183,none,1545
3,2021-02-13,wochentag,4 = Trifft eher nicht zu,0.202,0.205,0.2,none,1545
3,2021-02-13,wochentag,5 = Trifft gar nicht zu,0.414,0.415,0.413,none,1545
3,2021-02-13,kontakt,1 = Trifft voll und ganz zu,0.268,0.27,0.266,none,1547
3,2021-02-13,kontakt,2 = Trifft eher zu,0.224,0.226,0.222,none,1547
3,2021-02-13,kontakt,3 = Teils-teils,0.261,0.263,0.259,none,1547
3,2021-02-13,kontakt,4 = Trifft eher nicht zu,0.113,0.117,0.11,none,1547
3,2021-02-13,kontakt,5 = Trifft gar nicht zu,0.134,0.137,0.131,none,1547
3,2021-03-13,wochentag,1 = Trifft voll und ganz zu,0.087,0.091,0.083,none,1539
3,2021-03-13,wochentag,2 = Trifft eher zu,0.101,0.104,0.097,none,1539
3,2021-03-13,wochentag,3 = Teils-teils,0.159,0.162,0.157,none,1539
3,2021-03-13,wochentag,4 = Trifft eher nicht zu,0.204,0.206,0.201,none,1539
3,2021-03-13,wochentag,5 = Trifft gar nicht zu,0.449,0.45,0.448,none,1539
3,2021-03-13,kontakt,1 = Trifft voll und ganz zu,0.294,0.296,0.292,none,1543
3,2021-03-13,kontakt,2 = Trifft eher zu,0.226,0.228,0.224,none,1543
3,2021-03-13,kontakt,3 = Teils-teils,0.232,0.234,0.23,none,1543
3,2021-03-13,kontakt,4 = Trifft eher nicht zu,0.111,0.114,0.107,none,1543
3,2021-03-13,kontakt,5 = Trifft gar nicht zu,0.138,0.141,0.135,none,1543
3,2021-04-16,wochentag,1 = Trifft voll und ganz zu,0.072,0.077,0.068,none,1494
3,2021-04-16,wochentag,2 = Trifft eher zu,0.118,0.121,0.114,none,1494
3,2021-04-16,wochentag,3 = Teils-teils,0.171,0.173,0.168,none,1494
3,2021-04-16,wochentag,4 = Trifft eher nicht zu,0.192,0.195,0.19,none,1494
3,2021-04-16,wochentag,5 = Trifft gar nicht zu,0.447,0.448,0.446,none,1494
3,2021-04-16,kontakt,1 = Trifft voll und ganz zu,0.271,0.273,0.269,none,1492
3,2021-04-16,kontakt,2 = Trifft eher zu,0.238,0.24,0.235,none,1492
3,2021-04-16,kontakt,3 = Teils-teils,0.237,0.239,0.235,none,1492
3,2021-04-16,kontakt,4 = Trifft eher nicht zu,0.108,0.112,0.105,none,1492
3,2021-04-16,kontakt,5 = Trifft gar nicht zu,0.146,0.149,0.143,none,1492
3,2021-05-22,wochentag,1 = Trifft voll und ganz zu,0.062,0.067,0.057,none,1477
3,2021-05-22,wochentag,2 = Trifft eher zu,0.094,0.098,0.09,none,1477
3,2021-05-22,wochentag,3 = Teils-teils,0.174,0.177,0.172,none,1477
3,2021-05-22,wochentag,4 = Trifft eher nicht zu,0.182,0.185,0.18,none,1477
3,2021-05-22,wochentag,5 = Trifft gar nicht zu,0.487,0.488,0.486,none,1477
3,2021-05-22,kontakt,1 = Trifft voll und ganz zu,0.185,0.187,0.182,none,1474
3,2021-05-22,kontakt,2 = Trifft eher zu,0.188,0.19,0.185,none,1474
3,2021-05-22,kontakt,3 = Teils-teils,0.272,0.273,0.27,none,1474
3,2021-05-22,kontakt,4 = Trifft eher nicht zu,0.146,0.149,0.143,none,1474
3,2021-05-22,kontakt,5 = Trifft gar nicht zu,0.21,0.213,0.208,none,1474
3,2021-06-26,wochentag,1 = Trifft voll und ganz zu,0.065,0.07,0.06,none,1482
3,2021-06-26,wochentag,2 = Trifft eher zu,0.104,0.108,0.1,none,1482
3,2021-06-26,wochentag,3 = Teils-teils,0.169,0.171,0.166,none,1482
3,2021-06-26,wochentag,4 = Trifft eher nicht zu,0.201,0.203,0.198,none,1482
3,2021-06-26,wochentag,5 = Trifft gar nicht zu,0.462,0.463,0.461,none,1482
3,2021-06-26,kontakt,1 = Trifft voll und ganz zu,0.111,0.115,0.108,none,1478
3,2021-06-26,kontakt,2 = Trifft eher zu,0.14,0.143,0.137,none,1478
3,2021-06-26,kontakt,3 = Teils-teils,0.271,0.273,0.269,none,1478
3,2021-06-26,kontakt,4 = Trifft eher nicht zu,0.209,0.211,0.206,none,1478
3,2021-06-26,kontakt,5 = Trifft gar nicht zu,0.269,0.271,0.267,none,1478
3,2021-09-25,wochentag,1 = Trifft voll und ganz zu,0.042,0.048,0.036,none,1482
3,2021-09-25,wochentag,2 = Trifft eher zu,0.077,0.082,0.073,none,1482
3,2021-09-25,wochentag,3 = Teils-teils,0.175,0.178,0.173,none,1482
3,2021-09-25,wochentag,4 = Trifft eher nicht zu,0.183,0.185,0.18,none,1482
3,2021-09-25,wochentag,5 = Trifft gar nicht zu,0.523,0.524,0.522,none,1482
3,2021-09-25,kontakt,1 = Trifft voll und ganz zu,0.073,0.078,0.069,none,1476
3,2021-09-25,kontakt,2 = Trifft eher zu,0.115,0.119,0.112,none,1476
3,2021-09-25,kontakt,3 = Teils-teils,0.227,0.229,0.224,none,1476
3,2021-09-25,kontakt,4 = Trifft eher nicht zu,0.218,0.22,0.215,none,1476
3,2021-09-25,kontakt,5 = Trifft gar nicht zu,0.367,0.369,0.366,none,1476
